id,serviceScore,x,y
0,0.9998,931,-31576
1,0.9993,7529,-7145
2,0.9992,5393,2140
3,0.999,5982,-3340
4,0.9988,-3975,4144
5,0.9986,-1664,-4955
6,0.9982,-9033,-19403
7,0.9981,3469,-7249
8,0.9979,775,-2321
9,0.9976,-15148,-28155
10,0.9974,-10904,-24895
11,0.9971,2161,11667
12,0.9968,-8408,12411
13,0.9965,9108,-3272
14,0.9965,-16025,-4126
15,0.9965,18697,5152
16,0.9962,5933,-26497
17,0.9959,5874,-19160
18,0.9958,-12283,-8383
19,0.9954,7530,-12518
20,0.9951,11842,-24031
21,0.995,3218,-15997
22,0.995,23512,-11668
23,0.9948,296,-5910
24,0.9948,-16857,-30084
25,0.9944,8576,-12737
26,0.9944,-3569,-19743
27,0.9943,404,-23532
28,0.9943,-8112,-16073
29,0.9942,11185,2582
30,0.9941,12439,-33808
31,0.994,-2892,-7289
32,0.9939,8935,-36406
33,0.993,18339,-38123
34,0.9929,-9051,-1856
35,0.9926,23011,-12908
36,0.9924,-8408,12411
37,0.9923,-20098,-4380
38,0.9921,-2716,-2160
39,0.992,-11908,-1482
40,0.9918,-3590,-14357
41,0.9917,20521,5252
42,0.9908,8558,-12819
43,0.9906,-6329,-19574
44,0.99,-18310,-12668
45,0.9898,7531,-12518
46,0.9897,525,-7807
47,0.9897,23022,-11739
48,0.9896,-11634,-1897
49,0.9894,11377,-9631
50,0.9894,-20488,-10165
51,0.9892,18511,-33083
52,0.9889,514,-7715
53,0.9888,-2266,1057
54,0.9887,18926,-35302
55,0.9885,-7727,-25375
56,0.9885,-8408,12411
57,0.9884,-5099,-9592
58,0.9884,5043,1793
59,0.9878,-15240,-10320
60,0.9878,20318,3708
61,0.9875,3065,-16253
62,0.9875,6597,-9204
63,0.9873,21513,-5423
64,0.9868,8720,-14657
65,0.9867,-17482,-5454
66,0.9865,-2124,-11123
67,0.9862,-7191,-20570
68,0.9858,7663,-16748
69,0.9857,-4001,-24086
70,0.9856,577,-18797
71,0.9856,24420,-10369
72,0.9854,2805,-7603
73,0.9847,7588,-10649
74,0.9846,-1884,-7864
75,0.9846,-12184,-31383
76,0.9839,15501,-4032
77,0.9838,18933,-34714
78,0.9836,-22694,-7912
79,0.9836,8989,-24028
80,0.9836,18475,-33475
81,0.9836,4164,-7032
82,0.9835,7503,-7439
83,0.9834,-2815,1899
84,0.9833,4991,-11625
85,0.9829,-7801,-12075
86,0.9827,5837,-3090
87,0.9826,-3086,-14110
88,0.9823,17238,1549
89,0.9822,-11419,926
90,0.9822,15127,-30984
91,0.9821,9325,-27211
92,0.982,7041,-8058
93,0.982,3155,14776
94,0.982,-8324,-3148
95,0.9819,-11416,925
96,0.9812,12872,-17069
97,0.9811,-9067,-17179
98,0.9807,-14095,-10988
99,0.9805,-2487,5702
100,0.9805,-10960,-26111
101,0.9805,-9474,-12701
102,0.9801,-3643,8941
103,0.9794,15462,-33987
104,0.9794,-2716,-2160
105,0.9793,-14943,-4027
106,0.979,1995,-9026
107,0.9788,-5058,-4891
108,0.9786,-10635,-2052
109,0.9784,-13585,9316
110,0.9779,-16093,-6100
111,0.9776,-19176,-2102
112,0.9776,-1204,3203
113,0.9776,-5210,-6116
114,0.9775,4531,-4267
115,0.9775,-2264,-8147
116,0.9773,-1260,-24333
117,0.9773,-10635,-2052
118,0.9773,13544,12706
119,0.9771,1804,-10667
120,0.977,-1553,-25820
121,0.9768,680,-20609
122,0.9768,-8408,12411
123,0.9767,-5827,17900
124,0.9766,-15579,3454
125,0.9764,6314,-3432
126,0.9764,19891,-7015
127,0.9762,-15893,12209
128,0.976,5359,-1286
129,0.9759,-6875,-25026
130,0.9756,18904,-8712
131,0.9755,4512,-21215
132,0.9752,19491,-15996
133,0.9749,4998,-1855
134,0.9749,-10526,-1992
135,0.9748,10948,-12250
136,0.9747,-12583,-8827
137,0.9745,10525,-25564
138,0.9745,-4998,19725
139,0.9743,-6915,-21670
140,0.9742,4984,-6643
141,0.9742,-3003,-25485
142,0.9742,5676,-4888
143,0.974,-383,-8296
144,0.974,6935,-2276
145,0.9737,-6018,17800
146,0.9736,18518,5293
147,0.9736,-13990,-1149
148,0.9729,-22455,5342
149,0.9729,-10638,-2046
150,0.9729,14542,5067
151,0.9727,5542,-4493
152,0.9725,9862,-5769
153,0.9725,404,-23532
154,0.9718,-1598,-20942
155,0.9718,-5740,-13240
156,0.9717,18934,-33707
157,0.9715,-12042,-808
158,0.9714,-11907,-7931
159,0.9713,-1561,-25867
160,0.971,23511,-11657
161,0.9709,-1435,-23230
162,0.9706,-8112,-16073
163,0.9704,-2284,-1247
164,0.9704,-10009,-25620
165,0.9703,4657,-4597
166,0.9703,-13630,975
167,0.9699,-13771,742
168,0.969,13796,-23257
169,0.969,11917,-8599
170,0.9688,11542,-18254
171,0.9685,-13633,-10688
172,0.9679,2245,-4586
173,0.9679,-13012,-7667
174,0.9678,-648,-17114
175,0.9675,2285,-22292
176,0.9673,612,15092
177,0.9671,-6064,-11950
178,0.967,22650,-11562
179,0.9665,8809,-18618
180,0.9663,7565,-9439
181,0.966,455,-17922
182,0.966,7992,-15631
183,0.966,-8112,-16073
184,0.9658,3903,1293
185,0.9653,5130,-25418
186,0.9652,-1173,-24127
187,0.965,3361,-22167
188,0.965,-4546,-19702
189,0.965,9202,-20660
190,0.9649,-2220,-23719
191,0.9649,2702,-8642
192,0.9648,-5060,2554
193,0.9647,14594,-28680
194,0.9646,-15658,-3567
195,0.9644,15207,-21634
196,0.9642,13782,9099
197,0.9639,-4473,-23243
198,0.9637,-2351,19904
199,0.9637,11497,2019
200,0.9636,15504,4591
201,0.9635,4121,-5080
202,0.9634,-2765,1785
203,0.9632,7031,-8070
204,0.9632,23565,-26186
205,0.9631,11122,-9205
206,0.9628,1931,-9080
207,0.9628,5997,-5286
208,0.9627,14962,-28486
209,0.9627,14757,-21254
210,0.9625,-2387,-216
211,0.9624,-11437,931
212,0.9617,-2303,-17814
213,0.9615,556,-21802
214,0.9614,3611,-39977
215,0.9613,7445,-12651
216,0.9612,1882,-6746
217,0.9612,8249,-13764
218,0.9612,-2655,-14136
219,0.9611,8597,-184
220,0.9607,-2711,-2192
221,0.9601,-481,-30810
222,0.9599,132,-18545
223,0.9594,5701,-16026
224,0.9593,4998,-1855
225,0.9593,14725,-31161
226,0.9589,-5049,-4205
227,0.9587,-2716,-2160
228,0.9586,-3225,19114
229,0.9586,13032,4173
230,0.9586,696,-2613
231,0.9585,9695,-13334
232,0.9584,-8112,-16073
233,0.9583,19465,4762
234,0.9583,5055,-34796
235,0.9582,14693,-10878
236,0.9582,21322,-37466
237,0.9579,-12366,-8257
238,0.9577,-13693,-12842
239,0.9574,-8468,-12508
240,0.9573,1696,-8293
241,0.9571,12996,-8211
242,0.9567,-9583,-27024
243,0.9565,12168,5167
244,0.9564,-2865,-1740
245,0.9561,8617,-13215
246,0.9559,19435,-5550
247,0.9555,-3167,6470
248,0.9555,-13156,-27788
249,0.9553,-13012,-7667
250,0.9548,-1758,-12330
251,0.9548,-847,-3506
252,0.9548,8303,-35699
253,0.9546,18697,5152
254,0.9545,-2102,-1113
255,0.9545,-2203,-26453
256,0.9543,23565,-26186
257,0.9532,321,-19974
258,0.9531,-13517,-9692
259,0.9529,-16436,-3905
260,0.9529,-5057,-12279
261,0.9526,-14016,-3455
262,0.9523,18482,-33465
263,0.9519,-12599,-539
264,0.9517,-10696,-9447
265,0.9517,-424,-14528
266,0.9514,11178,-27364
267,0.9512,1279,-2765
268,0.9512,10860,11534
269,0.9512,1279,-2765
270,0.951,17575,-32519
271,0.951,-11408,925
272,0.9507,1150,-19489
273,0.9507,-300,-18410
274,0.9507,22809,-12507
275,0.9504,7128,415
276,0.95,9849,8473
277,0.9499,-6371,-17052
278,0.9493,7347,-3503
279,0.9492,-3690,-8839
280,0.9491,-14214,-4688
281,0.9489,-9117,-1896
282,0.9488,8538,-12801
283,0.9487,-7395,16469
284,0.9487,-19875,-30123
285,0.9484,-9549,-17763
286,0.9482,-3579,-6714
287,0.9482,599,-33236
288,0.9482,640,-1647
289,0.9478,-12196,-7021
290,0.9476,-2694,-5419
291,0.9474,-12032,-27390
292,0.9474,791,-15698
293,0.9473,-5928,-6469
294,0.9473,-1623,-13044
295,0.9472,23647,-12084
296,0.9469,1303,-27449
297,0.9469,404,-23532
298,0.9468,6919,-3649
299,0.9467,14079,-28772
300,0.9467,-9520,-9353
301,0.9464,330,-10193
302,0.9455,-13953,-9814
303,0.9439,-4819,-25429
304,0.9436,-5137,-16482
305,0.9434,14805,8180
306,0.9434,17222,-12630
307,0.9433,19059,-6294
308,0.9432,674,5109
309,0.9431,12473,-6987
310,0.943,5180,-18086
311,0.9429,20781,-6262
312,0.9424,6791,-9161
313,0.9423,14006,-10255
314,0.9421,4186,-4721
315,0.9419,-6051,18828
316,0.9417,-566,-27986
317,0.9416,13486,-27263
318,0.9415,-17777,-14182
319,0.9413,1373,-17917
320,0.9412,-8913,-19631
321,0.9411,2547,-6547
322,0.941,-3726,5820
323,0.9406,-6183,19140
324,0.9406,5535,-7273
325,0.9405,905,-17857
326,0.9403,15127,-30984
327,0.9398,6777,-2257
328,0.9395,-4243,-10166
329,0.9394,-21801,-5535
330,0.9393,9723,-20668
331,0.939,-15722,-8762
332,0.9389,-15910,-3057
333,0.9386,-4967,-20306
334,0.9386,13196,4859
335,0.9381,13210,-9780
336,0.9381,3470,-7251
337,0.9378,2228,-38055
338,0.9375,11393,-12667
339,0.9374,-17525,2783
340,0.9366,22106,-11656
341,0.9366,-4564,-6039
342,0.9365,-16301,-30828
343,0.9365,-10775,-9343
344,0.9363,1882,-6746
345,0.9363,5932,-4534
346,0.9362,5067,1779
347,0.9359,7956,-11780
348,0.9359,-19891,4495
349,0.9358,4280,-3955
350,0.9358,709,-1895
351,0.9357,7162,-15354
352,0.9353,6743,-3777
353,0.9352,-16619,11777
354,0.9352,7281,-16691
355,0.935,-9472,-18635
356,0.9342,3616,1286
357,0.9342,6801,-5371
358,0.9341,-5943,-19396
359,0.9339,-11810,9873
360,0.9338,1279,-2765
361,0.9336,6261,-9088
362,0.9333,-9721,-9021
363,0.9332,13668,-7621
364,0.9332,851,-38
365,0.933,5061,-2513
366,0.9324,-9981,-8800
367,0.932,4192,-20034
368,0.932,1270,-31266
369,0.9313,-4834,-5382
370,0.9312,-15208,-30104
371,0.9311,13985,-8168
372,0.931,-10202,-3371
373,0.931,14962,-28486
374,0.9309,-11221,10239
375,0.9307,-13124,-7533
376,0.9298,-13102,-9026
377,0.9285,14550,3526
378,0.9284,-5217,-15298
379,0.9283,5368,-18254
380,0.9275,8630,-13220
381,0.9272,-1980,-22871
382,0.927,9490,-13428
383,0.9269,-6898,-20472
384,0.9267,-6136,-17279
385,0.9267,23206,-10411
386,0.9265,6364,-5483
387,0.9263,19254,-33207
388,0.9262,15642,-12885
389,0.9261,-17386,-5906
390,0.926,-15578,3457
391,0.9258,-12645,-8689
392,0.9255,4331,-5907
393,0.9252,1562,-1443
394,0.9249,-3847,-22917
395,0.9247,9880,8798
396,0.9247,-13772,705
397,0.9247,6941,-9846
398,0.9245,15993,8578
399,0.9244,6811,-5306
400,0.9236,-3726,5820
401,0.9236,5924,2708
402,0.9235,12768,-7128
403,0.9235,-3196,-7489
404,0.9233,3389,-14753
405,0.9232,1279,-2765
406,0.9231,-17786,-12545
407,0.9229,-13400,-8127
408,0.9228,9690,-13341
409,0.9227,17387,-18876
410,0.9227,4228,-9007
411,0.9226,-7237,-20274
412,0.9226,8037,-6027
413,0.9219,-10635,-2052
414,0.9216,-4398,-15962
415,0.9212,12116,-27366
416,0.921,18249,3224
417,0.9205,8420,-4400
418,0.9203,9427,-14791
419,0.9201,3358,-16738
420,0.92,10408,2978
421,0.9198,-16302,-30426
422,0.9198,404,-23532
423,0.9196,-17119,-29130
424,0.9192,5471,-7159
425,0.9191,2702,-8642
426,0.919,17996,-25851
427,0.919,6154,-1373
428,0.919,-8112,-16073
429,0.9185,17790,-12806
430,0.9185,-18358,-13454
431,0.9184,11363,-26223
432,0.9182,6521,-19248
433,0.9182,15517,-13158
434,0.9181,-11191,-6939
435,0.9179,1735,-2419
436,0.9176,-1664,-4955
437,0.9172,1525,-3967
438,0.9172,4406,-4570
439,0.917,-3791,1442
440,0.9169,-1036,14052
441,0.9167,-7077,9873
442,0.9167,-8405,-13077
443,0.9161,-17292,2985
444,0.916,-17081,11934
445,0.916,-9537,-2632
446,0.9159,-1664,-4955
447,0.9155,404,-23532
448,0.9151,-7938,-22615
449,0.9149,1239,5833
450,0.9149,901,-5596
451,0.9148,22488,-11134
452,0.9148,-834,-4771
453,0.9147,-359,-9163
454,0.9146,-10987,-18524
455,0.9143,13827,9077
456,0.914,18276,-2492
457,0.9133,2393,-13960
458,0.9132,16720,2146
459,0.913,-5676,-4397
460,0.9128,-16976,-28842
461,0.9127,1350,-19452
462,0.9127,14725,-31161
463,0.9123,663,-20385
464,0.9118,10348,11393
465,0.9115,-9055,-13032
466,0.9114,15931,-11536
467,0.9113,11377,-10237
468,0.9113,2618,-11146
469,0.9112,8377,-15520
470,0.9108,7724,-1894
471,0.9106,-2716,-2160
472,0.9105,-993,-1801
473,0.9104,5939,-4615
474,0.9099,-13353,17
475,0.9097,-2716,-2160
476,0.9097,-4780,-25457
477,0.9096,16431,6914
478,0.9094,22452,-37715
479,0.9094,6073,-15726
480,0.9093,10260,2379
481,0.9091,-22315,5613
482,0.9087,-5082,19621
483,0.9084,2694,-7611
484,0.9082,-2387,-216
485,0.9081,6597,-9204
486,0.9079,6314,-3432
487,0.9076,-19986,3790
488,0.9076,14481,-7548
489,0.9074,4136,2452
490,0.9072,12785,3263
491,0.9066,-8590,9769
492,0.9064,-11468,-1255
493,0.9063,-9318,-13191
494,0.9062,-2338,-21499
495,0.9062,9005,-977
496,0.9061,7061,-17792
497,0.9057,15218,-28766
498,0.9057,-2716,-2160
499,0.9055,-725,-20165
500,0.9049,-11447,-17720
501,0.9046,1279,-2765
502,0.9045,6314,-3432
503,0.9044,3279,-24522
504,0.9044,-5474,-5901
505,0.9042,-1829,-9142
506,0.904,11823,-24433
507,0.904,-3840,-13465
508,0.9037,-11827,-7140
509,0.9035,24420,-10369
510,0.9034,18424,-33420
511,0.9028,4194,-10855
512,0.9025,6527,-13197
513,0.9024,-11844,-6630
514,0.9022,11595,-4188
515,0.9021,-3579,-6714
516,0.902,-18082,-15762
517,0.9019,17779,-14848
518,0.9018,752,-2655
519,0.9015,5558,-35451
520,0.9014,11692,-3950
521,0.9014,5136,-34426
522,0.9014,8592,-12812
523,0.9012,-8615,-1190
524,0.9007,8701,-13529
525,0.9002,2432,11650
526,0.9001,-14285,-1003
527,0.9,-67,-53
528,0.8996,-10279,-20966
529,0.899,-12031,-790
530,0.8987,5083,-8529
531,0.8984,4595,-37235
532,0.8984,6739,-15815
533,0.898,23021,-11739
534,0.898,9899,8766
535,0.8979,-11762,-981
536,0.8979,18477,-33469
537,0.8979,-15632,-6425
538,0.8978,5417,-3375
539,0.8971,9246,1542
540,0.8971,9695,-13334
541,0.8967,13092,-28055
542,0.8966,22557,1456
543,0.8965,9695,-13334
544,0.8963,2347,7798
545,0.8959,14164,-16709
546,0.8959,5535,-7273
547,0.8958,-11429,-6473
548,0.8957,-2216,-32130
549,0.8954,-2601,1807
550,0.8952,-2305,-5381
551,0.8944,16224,-2093
552,0.8939,-1937,-2802
553,0.8938,2702,-8642
554,0.8937,8193,-14318
555,0.8937,-15225,-10315
556,0.8937,5125,-34874
557,0.8935,15267,-28447
558,0.8934,-3541,-865
559,0.8924,2518,-18672
560,0.8924,18442,-33425
561,0.8922,1804,-10667
562,0.8921,10687,-9245
563,0.8921,-1628,-9669
564,0.8918,14191,-25265
565,0.8918,8198,-36114
566,0.8914,-17618,-4621
567,0.8913,433,-32425
568,0.8912,5127,-3730
569,0.8912,6314,-3432
570,0.8909,10548,-11560
571,0.8909,6619,-17634
572,0.8907,7727,-10469
573,0.8905,6314,-3432
574,0.8905,-12942,-8530
575,0.8905,4501,-8769
576,0.8902,6073,-15726
577,0.8897,-2865,-1740
578,0.8896,-2865,-1740
579,0.8896,-2716,-2160
580,0.8894,979,-16459
581,0.8891,-6972,-22735
582,0.8889,3279,-5681
583,0.8888,-15149,-6959
584,0.8887,6809,-4262
585,0.8887,-16252,12742
586,0.8886,882,-2335
587,0.8883,-23376,-12097
588,0.8873,11434,-7532
589,0.8871,-13707,510
590,0.887,-12599,-539
591,0.8868,-8408,12411
592,0.8866,-4331,-10753
593,0.8865,5958,-17827
594,0.8865,-13315,-12707
595,0.8865,-12599,-539
596,0.8864,11710,1230
597,0.8862,-6436,-16425
598,0.8859,-11836,-1125
599,0.8859,-12477,-100
600,0.8856,-146,-20100
601,0.8855,-8547,-13645
602,0.8845,7070,-29081
603,0.8844,-7662,-21156
604,0.8844,6715,-13667
605,0.8843,15642,-12885
606,0.8843,5527,-5641
607,0.8843,-547,-27969
608,0.8842,-4497,-10807
609,0.8841,17750,5472
610,0.884,1258,-34761
611,0.8838,-7850,-15147
612,0.8837,2443,6005
613,0.8836,-10984,-6973
614,0.8834,2098,-8248
615,0.8833,-1664,-4955
616,0.8832,7986,-17193
617,0.8829,-14998,2720
618,0.8827,15671,-14057
619,0.882,-4504,-4782
620,0.8816,-34,-9566
621,0.8814,1619,-8187
622,0.8814,-16627,11761
623,0.8811,2702,-9250
624,0.8811,8381,-11265
625,0.8805,20017,-16014
626,0.8803,-8578,-25827
627,0.8803,525,-7807
628,0.8801,2702,-8642
629,0.8799,-15580,3454
630,0.8799,-16104,967
631,0.8797,-8537,-21940
632,0.8797,-17162,685
633,0.8796,-796,-1698
634,0.8796,6478,-16694
635,0.8794,8743,1097
636,0.8794,8720,-14657
637,0.8791,-14970,-8149
638,0.8788,-7851,-21121
639,0.8785,10720,-22246
640,0.8784,12432,-17745
641,0.8782,-3569,-19743
642,0.8781,-2716,-2160
643,0.8781,-12077,-42
644,0.8779,11388,-12057
645,0.8779,4290,-2935
646,0.8778,-725,-20165
647,0.8774,12116,-27366
648,0.8773,5154,-3042
649,0.877,-17540,2634
650,0.8768,-7206,17340
651,0.876,-16619,11777
652,0.8757,-11417,920
653,0.8757,7363,-18009
654,0.8756,4057,-12104
655,0.8755,-4123,3645
656,0.8754,2259,-7215
657,0.8754,2193,-24728
658,0.8753,-17409,3113
659,0.8751,7490,-6638
660,0.8751,17657,10647
661,0.8743,-11833,2462
662,0.8742,15553,-9574
663,0.874,10525,-25564
664,0.8738,2062,-24828
665,0.8737,15623,3757
666,0.8737,-11012,-1651
667,0.8735,-16341,-21547
668,0.8734,6758,-4024
669,0.8734,8397,-12763
670,0.8733,404,-23532
671,0.8731,-16345,-30779
672,0.8729,2888,-14608
673,0.8728,-1506,-548
674,0.8727,2299,-11692
675,0.8725,17302,-13048
676,0.8723,-3323,-14896
677,0.8722,-3428,-30386
678,0.8721,-2712,-1045
679,0.8721,1982,-2260
680,0.872,-6816,-10716
681,0.8717,20781,-6262
682,0.8716,15757,2225
683,0.8714,-5466,-4634
684,0.8713,2702,-8642
685,0.8706,11710,1230
686,0.8705,-9315,-10120
687,0.8704,-5375,411
688,0.87,3066,-17177
689,0.8698,11500,-4278
690,0.8698,-8754,-12164
691,0.8697,13356,8517
692,0.8696,8720,-14657
693,0.8696,6599,-9188
694,0.8695,-13284,-3685
695,0.8695,5887,8955
696,0.8687,15188,-13929
697,0.8686,11425,-5829
698,0.8686,-669,-1473
699,0.8684,2179,-14908
700,0.8684,-12344,-7826
701,0.8684,1582,-18694
702,0.8683,3361,-22167
703,0.8679,-18379,-13432
704,0.8677,-7101,-24741
705,0.8675,9690,-13341
706,0.8674,-105,-19904
707,0.8671,6265,-989
708,0.8668,12168,5167
709,0.8668,606,-2176
710,0.8667,17220,6223
711,0.8666,6764,-16188
712,0.8666,-14208,-4702
713,0.8664,-3726,5820
714,0.8663,-9868,-20754
715,0.8662,9563,-13079
716,0.8662,4032,-21265
717,0.8657,5777,-9159
718,0.8652,15702,-9953
719,0.8649,-14111,-13068
720,0.8649,22388,-36250
721,0.8647,-14598,4420
722,0.8641,-3321,11444
723,0.8641,-1328,-4670
724,0.864,13828,-9297
725,0.8639,6397,-16474
726,0.8637,556,-21802
727,0.8636,-13530,4570
728,0.8636,763,-2436
729,0.8636,-12286,-7790
730,0.8636,-11420,932
731,0.8635,13090,-10897
732,0.8632,-894,-3450
733,0.863,-12717,-6832
734,0.8628,-101,9703
735,0.8626,12135,-8157
736,0.8626,-5223,-5915
737,0.8626,15555,-2040
738,0.8614,6261,-9088
739,0.8611,-15126,-5294
740,0.8609,-3946,-8804
741,0.8609,-424,-14528
742,0.8608,6619,-17634
743,0.8605,4797,-2216
744,0.8605,20378,-185
745,0.8604,-19024,-14504
746,0.8604,4040,-7924
747,0.8603,-6784,16288
748,0.8602,-14743,-17432
749,0.8602,14577,-11068
750,0.8601,576,-20404
751,0.86,1333,-18244
752,0.8599,-11190,-7200
753,0.8598,12776,-7130
754,0.8597,4011,-4318
755,0.8596,-4495,-4775
756,0.8596,17657,10647
757,0.8596,-1602,-2617
758,0.8594,-5849,-25264
759,0.8593,-302,-17721
760,0.8593,516,-2325
761,0.8591,136,-19198
762,0.8587,-19233,-14510
763,0.8585,6984,-13326
764,0.8585,525,-7807
765,0.8583,-12906,-27355
766,0.858,-8261,-21003
767,0.8579,15416,-21288
768,0.8578,2018,-14113
769,0.8576,4797,-2216
770,0.8569,-1690,1301
771,0.8568,6715,-4099
772,0.8568,6104,-14562
773,0.8564,-22395,9138
774,0.8564,-2449,-14155
775,0.8563,-15366,-30469
776,0.8562,803,-20514
777,0.8561,15535,3454
778,0.856,5079,-35495
779,0.8558,4268,-4210
780,0.8557,-22336,5623
781,0.8557,17387,-18876
782,0.8555,-777,-18645
783,0.8554,-17220,-28029
784,0.8553,7212,-3532
785,0.8552,15964,5375
786,0.8551,119,-18047
787,0.8551,-4564,-6039
788,0.8547,7530,-12518
789,0.8546,6261,-9088
790,0.8545,6512,-8705
791,0.8543,8399,-12744
792,0.8542,15342,-5440
793,0.8541,13827,9077
794,0.854,-13445,-8299
795,0.8539,288,4407
796,0.8538,13711,4625
797,0.8538,-19704,-29474
798,0.8538,6598,-13653
799,0.8537,24256,-9706
800,0.8536,14797,-5849
801,0.8536,3952,-34552
802,0.8535,-1280,-36372
803,0.8533,10160,-8681
804,0.8532,6476,-9644
805,0.8532,-7662,-21156
806,0.8531,23649,-12086
807,0.8528,-767,-13408
808,0.8528,-2760,1778
809,0.8527,14863,-5631
810,0.8523,7818,-15662
811,0.8522,-3643,8941
812,0.8519,404,-23532
813,0.8518,19491,-15996
814,0.8514,8506,-6009
815,0.8514,-2390,-12679
816,0.8512,24256,-9706
817,0.8511,4954,-3181
818,0.8511,1139,-8442
819,0.85,4194,7644
820,0.8498,-10635,-2052
821,0.8498,-8112,-16073
822,0.8497,13983,-15295
823,0.8495,-21356,-14874
824,0.8494,-20954,1390
825,0.8491,21018,-7520
826,0.849,-4081,-12907
827,0.8489,2062,-24828
828,0.8487,-11806,-1710
829,0.8486,15642,-12885
830,0.8486,-14915,-15974
831,0.8485,18527,-8678
832,0.8483,5319,-18235
833,0.8481,10510,-6476
834,0.8478,17519,4331
835,0.8474,-2264,-10206
836,0.8473,-2716,-2160
837,0.847,6616,12557
838,0.8469,-13164,-6618
839,0.8467,-11719,959
840,0.8466,-2113,-11564
841,0.8466,-11883,2316
842,0.8466,-2102,-1113
843,0.8465,-799,-18845
844,0.8464,3595,-11772
845,0.8464,11710,1230
846,0.8463,-16345,-30779
847,0.8461,3786,-7399
848,0.846,-8794,7806
849,0.846,-3726,5820
850,0.8456,21964,-11657
851,0.8455,-12599,-539
852,0.8453,-715,-20168
853,0.8453,9695,-13334
854,0.8453,-14253,-11927
855,0.8452,15787,2409
856,0.8451,3727,-8366
857,0.8447,-12280,-3781
858,0.8446,10246,-26134
859,0.8446,-5532,-4261
860,0.8444,2437,5997
861,0.844,4493,-6254
862,0.8439,10457,-8406
863,0.8437,-5018,-20205
864,0.8435,1752,-16868
865,0.8432,2711,-39879
866,0.8432,-8663,-22565
867,0.8431,-723,-20993
868,0.8431,-14668,-9279
869,0.843,14050,-23214
870,0.8428,-8080,-16802
871,0.8425,-19782,-7329
872,0.8425,3160,-5841
873,0.8424,-5912,18723
874,0.8422,8605,-12817
875,0.8421,17183,6233
876,0.8421,-11467,3135
877,0.842,1320,-18360
878,0.8416,2870,-19784
879,0.8414,-12269,-18346
880,0.8412,-13353,17
881,0.8411,17575,-32519
882,0.8407,-12542,-8903
883,0.8406,-3638,-5151
884,0.8405,7281,-16691
885,0.8404,10926,-22093
886,0.8404,-8642,-26298
887,0.8402,5260,-18940
888,0.8402,5542,-4493
889,0.8401,4604,1148
890,0.8396,556,-21802
891,0.8394,15260,12551
892,0.8392,4736,-2425
893,0.8391,-1249,-18624
894,0.8391,-6445,-13900
895,0.839,15624,-28251
896,0.8389,-972,3182
897,0.8388,-2387,-216
898,0.8388,-8112,-16073
899,0.8382,-19918,-14023
900,0.838,-16761,-9845
901,0.8379,17891,5830
902,0.8378,-10459,-30754
903,0.8377,-16252,-8145
904,0.8374,2547,-6547
905,0.8374,2400,-10226
906,0.8374,-15408,-20332
907,0.837,19945,3839
908,0.8369,10321,-9302
909,0.8363,8987,-24023
910,0.8361,14504,8718
911,0.8359,-2681,-1214
912,0.8358,-8031,-9723
913,0.8358,7814,311
914,0.8357,10456,-5291
915,0.8356,6684,-39125
916,0.8353,-16391,1705
917,0.8349,-8112,-16073
918,0.8349,20495,-6759
919,0.8348,13270,10655
920,0.8343,-6579,-19766
921,0.834,17495,2556
922,0.8336,1779,-4994
923,0.833,2702,-8642
924,0.833,-7123,-22880
925,0.8329,-1548,-11747
926,0.8325,15642,-12885
927,0.8319,12782,-7113
928,0.8317,-2865,-1740
929,0.8317,-11012,-1651
930,0.8316,1241,-13549
931,0.8314,15204,-21625
932,0.8314,5164,-18071
933,0.8313,-58,-18536
934,0.831,20781,-6262
935,0.8306,7727,-10469
936,0.8305,-8112,-16073
937,0.8305,2358,-7284
938,0.8303,2702,-8642
939,0.8301,8060,-6808
940,0.83,5780,-1143
941,0.83,12041,-27490
942,0.8299,-10038,-20189
943,0.8294,1498,-34389
944,0.8294,-21139,-12726
945,0.8292,22456,-11054
946,0.8291,10891,1237
947,0.8291,5180,-18086
948,0.829,-19588,-29523
949,0.829,10471,-5301
950,0.8283,-8408,12411
951,0.8283,13041,-8180
952,0.8282,10066,-14106
953,0.8279,9246,154
954,0.8279,-7662,-21156
955,0.8278,-12130,-7535
956,0.8277,-11203,10227
957,0.8277,-3968,-8853
958,0.8277,-15558,-8070
959,0.8276,-11734,-74
960,0.8275,22678,-26038
961,0.8274,-10702,-29559
962,0.8273,-7574,-25422
963,0.8268,-2699,1756
964,0.8268,-9961,-30312
965,0.8267,14962,-28486
966,0.8267,6008,-5812
967,0.8264,8440,-15267
968,0.826,-13353,17
969,0.826,-5488,17228
970,0.8259,4637,-3671
971,0.8259,-13290,-13656
972,0.8259,-1672,-16992
973,0.8258,25,-8447
974,0.8256,-2730,-7793
975,0.8255,-11719,959
976,0.825,6548,-14191
977,0.8247,10260,2379
978,0.8241,-2285,-13328
979,0.8236,18069,-10029
980,0.8235,10827,-16911
981,0.8231,-9821,10179
982,0.823,-15500,-2039
983,0.823,-9234,-19693
984,0.823,-1238,-24978
985,0.8227,14148,3823
986,0.8227,768,-19760
987,0.8226,-6993,-25977
988,0.8226,10656,-8148
989,0.8225,-7362,-22673
990,0.8222,15462,-33954
991,0.8222,3616,1286
992,0.822,-6605,-25285
993,0.8219,-12534,-8267
994,0.8218,2702,-8642
995,0.8217,7854,-7895
996,0.8215,-7375,-20282
997,0.8215,6073,-15726
998,0.8212,-18344,-13457
999,0.821,-9721,-9021
1000,0.8207,18527,11060
1001,0.8207,18249,3224
1002,0.8201,8060,-6808
1003,0.82,-24612,-5744
1004,0.8199,10260,2379
1005,0.8197,17515,4587
1006,0.8195,18697,5152
1007,0.8191,1295,16031
1008,0.8191,2936,-16326
1009,0.819,14220,3858
1010,0.8189,10229,-5215
1011,0.8189,-1598,-11878
1012,0.8188,4544,-3440
1013,0.8187,-4380,-1733
1014,0.818,8720,-14657
1015,0.8179,17648,-11751
1016,0.8179,12653,-18483
1017,0.8177,13402,-15291
1018,0.8176,-12056,-1642
1019,0.8174,18476,-33476
1020,0.8174,263,793
1021,0.8173,3272,-11883
1022,0.8167,-16310,-5815
1023,0.8166,11767,5360
1024,0.8166,-13417,392
1025,0.8166,14360,-10687
1026,0.8164,-13307,-13670
1027,0.8163,-16129,-7293
1028,0.8162,404,-23532
1029,0.816,-6289,-4867
1030,0.8158,-4712,-21090
1031,0.8156,17122,-12702
1032,0.8151,-17305,-13270
1033,0.815,3489,-10001
1034,0.8146,7182,-6408
1035,0.8144,-15580,3454
1036,0.8139,-15578,3457
1037,0.8138,16118,-28582
1038,0.8137,4142,2448
1039,0.8136,-799,-18845
1040,0.8135,3108,-22350
1041,0.8135,-3020,-2986
1042,0.8134,7828,-25839
1043,0.8133,9690,-13341
1044,0.8132,5027,830
1045,0.813,3206,-11777
1046,0.8128,-2797,1822
1047,0.8126,-9061,14109
1048,0.8126,-3216,2379
1049,0.8125,-59,-73
1050,0.8125,-6353,-5691
1051,0.8125,-12599,-539
1052,0.8122,15267,-28447
1053,0.8122,-2387,-216
1054,0.8121,874,-7332
1055,0.812,-8883,11094
1056,0.8119,-3518,-4421
1057,0.8117,-8112,-16073
1058,0.8115,-10638,-2046
1059,0.8114,17519,4331
1060,0.8114,8275,-1507
1061,0.8111,-10635,-2052
1062,0.811,-5912,18723
1063,0.8109,5820,-18581
1064,0.8109,4274,-24579
1065,0.8108,18697,5152
1066,0.8106,-1510,-2767
1067,0.8103,-7101,-24741
1068,0.8103,-4846,-10129
1069,0.8098,14513,-10794
1070,0.8096,15535,3454
1071,0.8096,3616,1286
1072,0.8096,-681,-19971
1073,0.8094,-2102,-1113
1074,0.8087,9220,240
1075,0.8087,13805,-29319
1076,0.8081,2871,14984
1077,0.8081,516,-549
1078,0.808,-9574,-19217
1079,0.8077,14592,-23012
1080,0.8075,12435,-12823
1081,0.8071,-5216,-5491
1082,0.8067,-1665,-5970
1083,0.8067,16075,6214
1084,0.8067,3406,-6087
1085,0.8064,-4843,-4923
1086,0.8062,8792,1173
1087,0.8062,-12196,-7021
1088,0.8061,15652,-13083
1089,0.8059,12350,-17850
1090,0.8059,14114,4291
1091,0.8057,15033,4411
1092,0.8054,7601,-15144
1093,0.8052,1265,-19110
1094,0.805,-10999,-862
1095,0.805,-1840,-2040
1096,0.8046,15503,3481
1097,0.8041,16224,5968
1098,0.804,3950,-5260
1099,0.804,-11734,-74
1100,0.804,2720,-8622
1101,0.8039,-14043,-10414
1102,0.8038,2702,-8642
1103,0.8036,-1903,-14450
1104,0.8033,5820,-18581
1105,0.8033,11442,-1553
1106,0.8031,-9537,-2632
1107,0.803,-11196,-888
1108,0.8029,-11467,3135
1109,0.8026,-9639,-20432
1110,0.8025,5612,-1550
1111,0.8024,-7101,-24741
1112,0.8024,-8205,-21165
1113,0.8022,11188,-26743
1114,0.8019,-219,-20821
1115,0.8014,-2865,-1740
1116,0.8014,-1238,-5303
1117,0.8014,3383,-2867
1118,0.8013,20437,-7513
1119,0.8012,2128,-18614
1120,0.8007,10260,2379
1121,0.8007,-7662,-21156
1122,0.8005,-7321,7407
1123,0.7998,2611,11043
1124,0.7997,-124,-14133
1125,0.7994,13095,-10891
1126,0.7993,-4686,-15937
1127,0.799,1279,-31271
1128,0.799,2398,11514
1129,0.7989,4057,-12104
1130,0.7988,-8408,12411
1131,0.7985,14962,-28486
1132,0.7981,10475,-208
1133,0.7978,8476,-692
1134,0.7977,8449,-2161
1135,0.7975,-10638,-2046
1136,0.7975,19464,-1317
1137,0.7973,-17465,-29373
1138,0.797,-797,-18841
1139,0.7968,-21671,-3150
1140,0.7968,-8112,-16073
1141,0.7967,10163,-18512
1142,0.7962,-11018,-25280
1143,0.7961,-5979,-4957
1144,0.7958,-22496,-13532
1145,0.7955,11867,-11848
1146,0.7953,7531,-12518
1147,0.7952,-10086,6563
1148,0.7949,5912,-8755
1149,0.7949,-8112,-16073
1150,0.7944,2118,11627
1151,0.7942,3110,-17385
1152,0.7941,-6195,17835
1153,0.7941,8720,-14657
1154,0.7938,-7093,-13161
1155,0.7938,20781,-6262
1156,0.7937,2043,-5225
1157,0.7933,616,-20391
1158,0.7933,5875,35
1159,0.7931,1011,-756
1160,0.7931,14117,3508
1161,0.7929,-452,-19485
1162,0.7928,4146,-16782
1163,0.7924,-7939,-12994
1164,0.7922,2658,-10221
1165,0.7918,-14044,-9010
1166,0.7916,-17219,-8029
1167,0.7914,-4688,-17926
1168,0.7913,13850,-15010
1169,0.7913,17814,-29093
1170,0.7912,-12934,-658
1171,0.7912,10875,-22292
1172,0.7911,4134,2454
1173,0.7908,-17187,3041
1174,0.7903,-374,-18604
1175,0.7902,8621,-13218
1176,0.7901,15662,-12654
1177,0.79,8346,-6183
1178,0.7893,-24612,-5744
1179,0.7891,17157,1612
1180,0.7891,-13707,510
1181,0.789,8424,-10222
1182,0.7889,-4937,-9982
1183,0.7888,-4775,-13477
1184,0.7887,2538,-25884
1185,0.7886,-1421,-10600
1186,0.7881,7215,-3538
1187,0.788,-9341,-22680
1188,0.7877,-4649,-10024
1189,0.7874,-17170,-6186
1190,0.7868,-7830,-27300
1191,0.7867,15138,7775
1192,0.7866,7051,-19668
1193,0.7861,4549,-10918
1194,0.786,8223,-10079
1195,0.786,-11836,-1125
1196,0.7858,4797,-2216
1197,0.7857,7486,-11025
1198,0.7855,-14717,-17607
1199,0.7854,18476,-33475
1200,0.7847,-1131,-23979
1201,0.7846,18567,5055
1202,0.7846,24420,-10369
1203,0.784,16583,-19594
1204,0.784,7281,-16691
1205,0.7837,1427,-15720
1206,0.7836,-13608,-10215
1207,0.7836,-14998,2720
1208,0.7834,15127,-30984
1209,0.7831,6261,-9088
1210,0.7831,15127,-30984
1211,0.783,18812,4537
1212,0.7829,-12599,-539
1213,0.7825,232,-19177
1214,0.7818,4697,-4546
1215,0.7818,-1884,-7864
1216,0.7817,15850,8563
1217,0.7817,10471,-5302
1218,0.7815,-424,-14528
1219,0.7814,-11187,-1144
1220,0.7811,-6084,15416
1221,0.7807,-97,-25700
1222,0.7806,7281,-16691
1223,0.7805,15931,-11536
1224,0.7804,4718,-11114
1225,0.7804,-16619,11777
1226,0.7795,-3370,5323
1227,0.7795,-1824,-6605
1228,0.7794,-9234,-19697
1229,0.7794,-8121,-13401
1230,0.779,-772,-10395
1231,0.779,-10009,-22910
1232,0.7789,17387,-18876
1233,0.7788,-12378,-7845
1234,0.7788,-1919,-4595
1235,0.7782,-1877,-15158
1236,0.7781,19491,-15996
1237,0.7779,-276,-8214
1238,0.7779,4792,1008
1239,0.7778,14594,-28680
1240,0.7777,13389,9423
1241,0.7775,4507,-3462
1242,0.7773,-5370,-23115
1243,0.777,11434,-7532
1244,0.7769,6739,-15815
1245,0.7769,-108,-25408
1246,0.7767,17387,-18876
1247,0.7766,11710,1230
1248,0.7766,6547,-4589
1249,0.7763,-18277,-1222
1250,0.7762,-2235,-35228
1251,0.7761,-7977,-21577
1252,0.7758,17519,4331
1253,0.7755,4344,-4707
1254,0.7755,-1111,10224
1255,0.7753,-18610,-12857
1256,0.775,-8112,-16073
1257,0.7749,-181,-5040
1258,0.7748,-9229,-23073
1259,0.7747,-15483,-3001
1260,0.7746,-6749,-17076
1261,0.7746,11596,-4209
1262,0.7743,10934,-11456
1263,0.7743,-2414,-3058
1264,0.7742,4613,-1055
1265,0.774,-24929,-3270
1266,0.7734,-13927,-12906
1267,0.7733,13209,-16584
1268,0.7732,8989,-24028
1269,0.7729,-167,-19707
1270,0.7726,8787,-6741
1271,0.7719,-7618,-13384
1272,0.7719,7066,-16142
1273,0.7717,-16618,-1284
1274,0.7715,6597,-9204
1275,0.7715,9083,-12754
1276,0.7715,-18427,-14449
1277,0.7713,-3674,-19020
1278,0.7713,17779,-14848
1279,0.7704,-12021,-801
1280,0.7704,-11734,-74
1281,0.7699,-16343,-302
1282,0.7699,8574,-12801
1283,0.7694,-9318,-13191
1284,0.7692,8276,-1058
1285,0.769,1938,-3955
1286,0.7686,22621,4251
1287,0.7684,5874,-17205
1288,0.7679,6016,-8501
1289,0.7676,12450,9575
1290,0.7676,-10787,13004
1291,0.7675,17465,-7930
1292,0.7668,14452,-26824
1293,0.7668,9456,-425
1294,0.7668,-11474,3138
1295,0.7668,-10635,-2052
1296,0.7667,-9038,-19746
1297,0.7664,-11343,-5694
1298,0.7664,5139,-4832
1299,0.7662,8060,-15888
1300,0.7661,1995,-9026
1301,0.7659,17575,-32519
1302,0.7658,9348,-10235
1303,0.7658,14222,-587
1304,0.7657,18511,-33083
1305,0.7654,10903,-17845
1306,0.7651,409,-20804
1307,0.765,17184,6360
1308,0.7649,-1393,-5783
1309,0.7648,-16129,-7293
1310,0.7646,-17098,-3840
1311,0.7645,-712,-16511
1312,0.7643,-8112,-16073
1313,0.7642,7530,-12518
1314,0.7641,-8408,12411
1315,0.764,-11963,1599
1316,0.7639,-2716,-2160
1317,0.7638,-828,-10583
1318,0.7636,-3881,-10441
1319,0.7635,-3778,1698
1320,0.7635,-1611,-14197
1321,0.7635,-13012,-7667
1322,0.7633,-11588,-1662
1323,0.7633,2062,-24828
1324,0.7633,-2102,-2245
1325,0.7632,-21554,-9957
1326,0.763,17750,5472
1327,0.763,8893,-11567
1328,0.7627,11906,-17925
1329,0.7627,-8330,11279
1330,0.7627,3661,-18597
1331,0.7625,6977,-18460
1332,0.7625,-4715,-20726
1333,0.7622,-1238,-2551
1334,0.7621,18485,-33464
1335,0.7619,6151,-1348
1336,0.7617,12670,-26740
1337,0.7615,17920,5650
1338,0.7614,4718,-4821
1339,0.7614,1421,5906
1340,0.7612,1175,-10102
1341,0.7611,15365,-12964
1342,0.7611,6826,-5247
1343,0.761,-16581,-3532
1344,0.7609,-6008,-9790
1345,0.7608,11590,-8408
1346,0.7607,-226,5134
1347,0.7606,12792,-7086
1348,0.7601,-16015,-9320
1349,0.76,15656,-36296
1350,0.7599,11823,-24433
1351,0.7597,-6471,19202
1352,0.7593,-2358,-24525
1353,0.7591,-7971,-20624
1354,0.7589,6219,-7507
1355,0.7586,22466,-11596
1356,0.7583,-13474,-19831
1357,0.758,10281,-909
1358,0.758,13658,-15904
1359,0.7575,-12599,-539
1360,0.7574,-1402,-9523
1361,0.7572,-379,-4039
1362,0.7571,17122,-12702
1363,0.757,18675,10328
1364,0.7563,8412,-11275
1365,0.7561,2702,-8642
1366,0.7559,-11836,-1125
1367,0.7559,7195,-27576
1368,0.7558,-7355,-17831
1369,0.7558,5350,-18878
1370,0.7556,24420,-10369
1371,0.7555,16171,5818
1372,0.7549,-18958,-13348
1373,0.7546,5840,-21323
1374,0.7546,2608,-8969
1375,0.7544,724,-10023
1376,0.7543,15774,-28305
1377,0.7542,14125,4271
1378,0.7541,-12945,-13959
1379,0.754,6809,-3031
1380,0.7539,-12599,-539
1381,0.7538,-4505,-4784
1382,0.7533,10785,-9248
1383,0.7532,2526,-16061
1384,0.7531,19665,5767
1385,0.753,1294,-6381
1386,0.753,-4564,-6039
1387,0.7528,4451,-3392
1388,0.7525,12413,-28762
1389,0.7521,-18610,-12857
1390,0.7521,15132,4461
1391,0.752,553,-20318
1392,0.7518,-7101,-24741
1393,0.7515,8175,-7025
1394,0.7515,-1478,-7236
1395,0.7514,11790,-5327
1396,0.7511,3798,1203
1397,0.7501,-18277,-1222
1398,0.75,-11719,959
1399,0.7497,3747,-11555
1400,0.7485,-14644,-4455
1401,0.7485,-12231,-7633
1402,0.7481,-4414,-12798
1403,0.7478,5117,-5291
1404,0.7477,10571,-9556
1405,0.7477,-5049,-4205
1406,0.7475,-4818,-5289
1407,0.7475,5401,-24023
1408,0.7474,404,-23532
1409,0.7472,16931,7697
1410,0.7472,-11221,-25318
1411,0.7471,17575,-32519
1412,0.7469,-12196,-7021
1413,0.7466,19953,-25707
1414,0.7457,-9061,14109
1415,0.7456,-2363,-12523
1416,0.7454,-14320,14486
1417,0.7453,1588,-2326
1418,0.7452,3240,-20855
1419,0.7449,5075,-35494
1420,0.7449,-15755,-11396
1421,0.7447,9243,268
1422,0.7444,10260,2379
1423,0.7442,89,-14154
1424,0.7442,-17141,-3808
1425,0.7439,6171,-4615
1426,0.7433,-2104,-2157
1427,0.7433,859,-17858
1428,0.7432,-11847,-8136
1429,0.7431,8620,-10261
1430,0.7429,-5123,19827
1431,0.7429,5051,1792
1432,0.7428,10478,-5301
1433,0.7426,-15764,-11560
1434,0.7425,5913,-11392
1435,0.7424,12214,-22805
1436,0.7422,2289,6559
1437,0.7421,10025,-10370
1438,0.7418,2096,-18623
1439,0.7416,11710,1230
1440,0.7415,-7286,-20684
1441,0.7411,-2716,-2160
1442,0.7409,4087,-5139
1443,0.7408,7359,-14313
1444,0.7408,-11243,-25309
1445,0.7406,10260,2379
1446,0.7405,17657,10647
1447,0.7403,-4564,-6039
1448,0.7403,19491,-15996
1449,0.7402,888,-2338
1450,0.74,-7164,-19483
1451,0.7398,4312,-4689
1452,0.7397,6279,-3626
1453,0.7396,12570,952
1454,0.7394,-7250,-28193
1455,0.7394,5806,-5823
1456,0.7391,4493,-4467
1457,0.739,-9109,-11102
1458,0.7386,17519,4331
1459,0.7385,18485,-33464
1460,0.7384,9900,8719
1461,0.7384,-7785,-14322
1462,0.7383,9690,-13341
1463,0.7382,-1771,-4834
1464,0.7379,7444,-8110
1465,0.7378,-3447,-13399
1466,0.7376,17519,4331
1467,0.7373,5672,-17886
1468,0.7373,-4836,-5388
1469,0.7373,-3590,-4645
1470,0.7371,-358,-8516
1471,0.7369,6491,-5893
1472,0.7367,-5327,-25336
1473,0.7366,-1226,-1453
1474,0.7365,13095,-10891
1475,0.7364,17657,10647
1476,0.736,-10468,-23964
1477,0.7352,-3060,-7679
1478,0.7352,1146,6405
1479,0.7349,20395,10079
1480,0.7347,-9207,-19558
1481,0.7345,3159,14773
1482,0.7344,-10807,-5524
1483,0.7344,7538,-4524
1484,0.7344,17978,-20780
1485,0.7341,-17895,-3258
1486,0.7341,-10339,-2284
1487,0.7341,16645,5328
1488,0.7341,-6315,1512
1489,0.734,-4564,-6039
1490,0.7338,8307,-36408
1491,0.7337,3986,14831
1492,0.7336,-3177,-9707
1493,0.733,676,-17741
1494,0.7329,-14677,2095
1495,0.7329,-1280,-24031
1496,0.7328,8633,-13228
1497,0.7328,-349,-38120
1498,0.7321,-16258,-8118
1499,0.7321,-8620,-22914
1500,0.732,-711,-15142
1501,0.7317,91,-18609
1502,0.7317,5236,-5393
1503,0.7315,-13046,-8346
1504,0.7315,10260,2379
1505,0.7314,6261,-9088
1506,0.7313,1273,-27336
1507,0.7311,-3345,2204
1508,0.731,-8265,-8489
1509,0.7308,-4640,-1364
1510,0.7308,-5159,-10211
1511,0.7307,-12832,-10353
1512,0.7305,9587,9619
1513,0.7305,-3737,-23026
1514,0.7304,-5312,-23100
1515,0.7304,22562,-37180
1516,0.7301,-5283,-20393
1517,0.73,14047,6130
1518,0.73,22809,-12507
1519,0.7297,7762,-1886
1520,0.7294,-3356,-9671
1521,0.7294,4061,-20869
1522,0.7292,11243,-16250
1523,0.7286,-16718,-3745
1524,0.7284,-15497,-27349
1525,0.7282,8411,-12730
1526,0.728,-14492,-8494
1527,0.7278,-4609,-16358
1528,0.7275,8037,-6027
1529,0.7273,11694,-13750
1530,0.7273,-11441,10222
1531,0.727,9106,-7479
1532,0.7266,15464,12627
1533,0.7264,-8538,10474
1534,0.7261,10493,-9589
1535,0.7258,6878,-2376
1536,0.7254,492,-2718
1537,0.7253,12659,3484
1538,0.7253,-12845,6106
1539,0.7247,-2775,-7262
1540,0.7246,5386,-12997
1541,0.7245,10571,-1000
1542,0.7245,-3946,-8804
1543,0.7244,4535,-8330
1544,0.7244,8164,-14143
1545,0.7242,-10851,-24696
1546,0.724,-4365,-12699
1547,0.7237,5901,-18636
1548,0.7234,20757,-8324
1549,0.7233,14725,-31161
1550,0.723,8614,-13220
1551,0.7228,-15777,-13897
1552,0.7226,1725,-3793
1553,0.7226,18697,5152
1554,0.7225,6597,-9204
1555,0.7225,14601,-23020
1556,0.7221,-8260,-8478
1557,0.7221,-900,-3436
1558,0.7217,10229,-5215
1559,0.7216,-5144,-19760
1560,0.7215,-15722,-8762
1561,0.7213,15931,-11536
1562,0.7212,12116,-27366
1563,0.7211,168,-17075
1564,0.7211,7576,-1991
1565,0.721,15776,-4476
1566,0.7209,23716,4256
1567,0.7209,9476,376
1568,0.7207,9757,-27238
1569,0.7207,11681,-5327
1570,0.7205,-21074,-11842
1571,0.7202,9850,8473
1572,0.7201,5542,-4493
1573,0.72,5150,-17008
1574,0.7197,106,2411
1575,0.7196,3378,-6322
1576,0.7193,14114,4291
1577,0.7191,13553,-15655
1578,0.719,-6179,-19165
1579,0.7184,872,-21777
1580,0.7183,-9724,-12314
1581,0.7181,-1976,-2271
1582,0.7179,4549,-11543
1583,0.7178,20781,-6262
1584,0.7178,-11530,10045
1585,0.7175,3863,-9975
1586,0.7175,-11468,-260
1587,0.7173,-12204,-7745
1588,0.717,4087,-5139
1589,0.7168,13438,-27486
1590,0.7164,19452,-6923
1591,0.716,-3749,-19460
1592,0.716,-17030,4413
1593,0.7159,17473,-26407
1594,0.7155,6261,-9088
1595,0.7151,-7013,-1010
1596,0.7149,5958,-17827
1597,0.7147,3380,14884
1598,0.7147,404,-23532
1599,0.7146,8323,-11254
1600,0.7145,11621,1337
1601,0.7143,8467,-7142
1602,0.7143,-8615,-1190
1603,0.7142,5773,-36808
1604,0.7142,17453,-13184
1605,0.714,8772,-18595
1606,0.714,12801,12996
1607,0.7139,7077,-8223
1608,0.7137,15445,-33952
1609,0.7135,8301,-14327
1610,0.7134,-15596,-16215
1611,0.7132,14780,-33253
1612,0.7132,18697,5152
1613,0.713,-16812,533
1614,0.7126,7172,-14336
1615,0.7125,-12492,-1147
1616,0.7124,-12501,-976
1617,0.7124,6314,-3432
1618,0.712,5147,-37829
1619,0.712,-10859,-20939
1620,0.712,14553,-11874
1621,0.7118,-1824,-6605
1622,0.7115,-2865,-1740
1623,0.711,5040,7815
1624,0.7105,-5469,-4632
1625,0.7102,4905,-8306
1626,0.7101,-403,-28224
1627,0.71,5878,8912
1628,0.7096,-9653,18525
1629,0.7094,1429,-11902
1630,0.7092,-6114,-24455
1631,0.7092,20781,-6262
1632,0.7086,14470,5286
1633,0.7084,-3328,-8074
1634,0.7082,-523,-5918
1635,0.7073,6682,-15854
1636,0.707,11377,-9631
1637,0.7069,-655,-1723
1638,0.7067,-10635,-2052
1639,0.7064,724,-10023
1640,0.7063,10755,-8204
1641,0.7063,14855,-24071
1642,0.7062,6242,-9043
1643,0.7062,22719,-12185
1644,0.7061,-9644,-19310
1645,0.7059,1694,-8294
1646,0.7059,-6211,-22124
1647,0.7058,6765,-4293
1648,0.7058,-11587,-7882
1649,0.7057,-1110,-8919
1650,0.7056,-16129,-7293
1651,0.7056,-9922,-27226
1652,0.7055,-15154,-10077
1653,0.7052,-18079,-12925
1654,0.7051,5535,-7273
1655,0.705,-7236,-20279
1656,0.7048,5063,-16616
1657,0.7044,2702,-8642
1658,0.7043,10523,-29422
1659,0.7043,2605,-16096
1660,0.7039,-13508,-4079
1661,0.7036,2626,-11201
1662,0.7033,10277,-21122
1663,0.7033,10324,-18583
1664,0.7033,1229,-17751
1665,0.7028,8557,-14521
1666,0.7024,17129,-12520
1667,0.702,-9022,-9454
1668,0.7017,-7282,-22372
1669,0.7014,-9061,14109
1670,0.7014,-802,-18832
1671,0.7011,-10887,266
1672,0.7011,5130,-18097
1673,0.7011,-4921,8870
1674,0.7009,7580,-7028
1675,0.7009,-8615,-1190
1676,0.7007,-725,-20165
1677,0.7006,-13848,-28128
1678,0.7003,19059,-6294
1679,0.7001,-3466,-23145
1680,0.7,11377,-9631
1681,0.7,-10163,-8612
1682,0.6997,8870,-14642
1683,0.6997,-9189,-13023
1684,0.6994,-10635,-2052
1685,0.6993,-17779,2325
1686,0.6993,18110,-7770
1687,0.6992,12154,-20250
1688,0.699,-4621,-11924
1689,0.6989,20550,5249
1690,0.6988,255,-18576
1691,0.6985,2702,-8642
1692,0.6984,-7118,-22880
1693,0.6982,-4992,-25007
1694,0.6981,10121,-14730
1695,0.6978,17657,10647
1696,0.6978,-13768,744
1697,0.6977,-21254,-3994
1698,0.6976,7108,-10642
1699,0.6975,-9477,-24457
1700,0.6968,18476,-33483
1701,0.6968,4459,-3939
1702,0.6967,3926,-2619
1703,0.6967,18987,5196
1704,0.6966,-4963,-445
1705,0.6965,8173,-5413
1706,0.6962,8403,-12754
1707,0.6961,5542,-4493
1708,0.696,13092,-28055
1709,0.696,-10466,6721
1710,0.6959,-3665,-15815
1711,0.6958,7992,-15631
1712,0.6956,7067,-3001
1713,0.6953,6261,-9088
1714,0.6952,-2865,-1740
1715,0.6951,9885,-1432
1716,0.6951,-4123,-23203
1717,0.6951,5543,-4843
1718,0.695,-4161,-13441
1719,0.6949,-8993,-17041
1720,0.6948,2702,-8642
1721,0.6945,-5979,-4957
1722,0.6943,8961,-1247
1723,0.6942,17241,5876
1724,0.6941,-11734,-74
1725,0.6938,-9223,9913
1726,0.6938,7380,1247
1727,0.6937,-24924,-6731
1728,0.6936,17220,6268
1729,0.6936,-7826,-11958
1730,0.6935,-768,-18403
1731,0.6933,-8689,11421
1732,0.6933,4551,-8776
1733,0.6932,-9197,10093
1734,0.6931,-2003,-2133
1735,0.693,-8769,-19964
1736,0.6929,-19505,-7491
1737,0.6927,-2008,-13156
1738,0.6925,-4156,-7516
1739,0.6924,404,-23532
1740,0.6923,-16345,-30779
1741,0.6923,19057,-33811
1742,0.6922,10493,-9549
1743,0.6922,-15231,-30706
1744,0.6919,14725,-31161
1745,0.6917,-19648,-4934
1746,0.6916,404,-23532
1747,0.6915,3323,-2370
1748,0.6913,14962,-28486
1749,0.6912,-18920,-29058
1750,0.6912,-2716,-2160
1751,0.6908,1728,5397
1752,0.6908,-14293,-847
1753,0.6904,-12599,-539
1754,0.6903,-16093,-6100
1755,0.6903,-15881,3155
1756,0.6902,1550,-14822
1757,0.6898,404,-23532
1758,0.6892,2135,11615
1759,0.6892,-463,-8358
1760,0.6891,-1550,-14107
1761,0.6891,14550,3526
1762,0.6891,-21610,-10551
1763,0.689,-22586,4803
1764,0.6888,7544,-5454
1765,0.6887,-17530,2268
1766,0.6887,11118,-11709
1767,0.6884,17657,10647
1768,0.6883,2990,-7951
1769,0.6883,5135,-34418
1770,0.6882,12557,-13964
1771,0.6882,484,-9305
1772,0.6882,11710,1230
1773,0.688,-3731,-6074
1774,0.688,5820,-18581
1775,0.6879,2702,-8642
1776,0.6878,-896,-3453
1777,0.6877,18484,-33477
1778,0.6873,10557,262
1779,0.6871,-17211,687
1780,0.6869,5173,-3958
1781,0.6869,24420,-10369
1782,0.6868,14047,6130
1783,0.6867,-8102,-28616
1784,0.6863,-5979,-4957
1785,0.6863,-15911,-3056
1786,0.686,-6880,-25958
1787,0.686,-18097,-4419
1788,0.686,14512,294
1789,0.6859,-6875,-25026
1790,0.6855,4420,909
1791,0.6851,13785,3422
1792,0.6851,13538,-9027
1793,0.6848,11505,2100
1794,0.6848,11004,-11710
1795,0.6845,-794,-18838
1796,0.6844,10028,-14703
1797,0.6842,-11468,-260
1798,0.6841,5542,-4493
1799,0.6841,-18507,-29070
1800,0.684,6941,-9846
1801,0.6839,-951,-18894
1802,0.6839,12116,-27366
1803,0.6837,2702,-8642
1804,0.6835,19830,1179
1805,0.6834,10965,3626
1806,0.6831,12801,-16067
1807,0.683,-17082,-30215
1808,0.6828,2699,11698
1809,0.6827,-6086,-24706
1810,0.6825,2745,11543
1811,0.6823,-6925,-5545
1812,0.6822,1667,-24232
1813,0.682,11842,-24031
1814,0.6819,5867,-17864
1815,0.6819,-2740,5005
1816,0.6818,2546,-15501
1817,0.6818,-14093,-998
1818,0.6816,3519,1182
1819,0.6815,6400,-9357
1820,0.6814,8684,-25202
1821,0.6814,-12945,-13959
1822,0.6812,-7101,-24741
1823,0.6808,-6400,-5719
1824,0.6808,8513,-21166
1825,0.6808,1697,-18300
1826,0.6805,508,-5563
1827,0.6803,11887,-13725
1828,0.6795,8173,-5413
1829,0.6791,-9724,-12322
1830,0.679,-9318,-13191
1831,0.6789,6473,-15515
1832,0.6789,2443,12207
1833,0.6788,-4497,-10807
1834,0.6788,1938,-2636
1835,0.6783,404,-23532
1836,0.6782,-15148,-28155
1837,0.6776,10160,-8681
1838,0.6776,11110,3722
1839,0.6775,10160,-8681
1840,0.6772,9521,-11780
1841,0.6769,-6445,-5720
1842,0.6758,-11391,915
1843,0.6758,8462,-36360
1844,0.6757,-12193,-7741
1845,0.6753,-10740,-1985
1846,0.6751,1223,-19343
1847,0.6749,8632,-13225
1848,0.6748,-14561,-9530
1849,0.6743,-11734,-74
1850,0.6735,-750,-1407
1851,0.6733,7664,-13532
1852,0.6732,10488,-225
1853,0.6729,7727,-10469
1854,0.6728,-2955,-8534
1855,0.6727,-3579,-6714
1856,0.6721,8681,-14165
1857,0.6721,-8786,-19215
1858,0.6719,3187,-16468
1859,0.6718,3470,-7251
1860,0.6717,14692,-14081
1861,0.6716,-16738,3755
1862,0.6716,-11049,-6984
1863,0.6715,17222,6223
1864,0.6714,4216,-7015
1865,0.6712,2024,-2068
1866,0.6712,404,-23532
1867,0.671,-4289,2925
1868,0.6709,-12244,-7706
1869,0.6706,23128,-11261
1870,0.6705,-1162,-12381
1871,0.6704,1162,-17674
1872,0.6703,-11415,921
1873,0.67,7281,-16691
1874,0.6698,-17612,-14553
1875,0.6697,-3826,-22753
1876,0.6693,7026,-15800
1877,0.6693,-16429,-7168
1878,0.6692,8412,-11275
1879,0.6691,10804,-22654
1880,0.669,2186,11304
1881,0.6688,-1479,-13963
1882,0.6688,-3904,-18719
1883,0.6688,9668,-600
1884,0.668,5152,-4620
1885,0.668,-2865,-1740
1886,0.6677,14185,5916
1887,0.6676,-24195,-7232
1888,0.6675,14793,-23155
1889,0.667,17519,4331
1890,0.6669,-15944,-9140
1891,0.6668,8565,-7663
1892,0.6668,-2716,-2160
1893,0.6667,11969,-12962
1894,0.6665,-8928,-3293
1895,0.6664,533,-21815
1896,0.6664,-2116,-32065
1897,0.6663,-5979,-4957
1898,0.6663,6261,-9088
1899,0.666,14192,-10350
1900,0.666,-4010,-13026
1901,0.6657,-8112,-16073
1902,0.6655,-12843,-764
1903,0.6653,1285,-15435
1904,0.6652,18511,-33083
1905,0.6651,-10732,-939
1906,0.6651,6681,-7221
1907,0.6651,-18277,-1222
1908,0.6649,-8182,17099
1909,0.6647,-9905,-17389
1910,0.6647,4360,-4679
1911,0.6642,-2716,-2160
1912,0.6641,14491,-26396
1913,0.664,68,-8470
1914,0.6639,13907,-4288
1915,0.6639,2702,-8642
1916,0.6639,-2264,-10206
1917,0.6635,-16129,-7293
1918,0.6631,17801,-26635
1919,0.6628,17387,-18876
1920,0.6627,5958,-17827
1921,0.6626,7672,-8691
1922,0.6625,4369,252
1923,0.6622,17042,7683
1924,0.6622,-8107,-17268
1925,0.662,-4320,-19013
1926,0.662,22205,-36897
1927,0.6619,-12006,-8877
1928,0.6619,-2375,6253
1929,0.6618,-8112,-16073
1930,0.6616,-13771,734
1931,0.6615,15306,-14776
1932,0.6613,-6711,17711
1933,0.6613,-424,-14528
1934,0.6612,8458,-12715
1935,0.6612,15560,-2051
1936,0.6611,-3447,-13399
1937,0.6611,5464,-3945
1938,0.6608,-9057,-3528
1939,0.6607,2933,-10130
1940,0.6605,6597,-9204
1941,0.6604,-3118,-1024
1942,0.6603,6111,-5023
1943,0.6602,4276,-4532
1944,0.6601,15937,-18602
1945,0.6599,-20975,-18631
1946,0.6596,8287,-15720
1947,0.6594,-3162,-7646
1948,0.6594,-2350,-22992
1949,0.6587,-2756,-7276
1950,0.6586,-4502,-4783
1951,0.6585,-4801,-12132
1952,0.6575,-12743,-30958
1953,0.6573,-9769,-20600
1954,0.6569,-5951,-10019
1955,0.6569,319,-16446
1956,0.6565,7068,4661
1957,0.6564,3362,-22202
1958,0.656,-8615,-1190
1959,0.6558,22482,-36041
1960,0.6555,14939,-4250
1961,0.6555,-4656,-26693
1962,0.6555,-12196,-7023
1963,0.6554,5820,-18581
1964,0.6553,986,-18846
1965,0.6553,4523,-7035
1966,0.6551,-8112,-16073
1967,0.6551,5535,-7273
1968,0.6549,6597,-9204
1969,0.6545,5793,-3314
1970,0.6545,20017,-16014
1971,0.6545,23985,-12153
1972,0.6544,4232,-20988
1973,0.6544,17027,7063
1974,0.6539,-2240,17596
1975,0.6537,17409,3845
1976,0.6536,6073,-15726
1977,0.6535,-6572,-4799
1978,0.6529,10862,-28816
1979,0.6528,-2334,-22934
1980,0.6528,-2716,-2160
1981,0.6528,4873,-14466
1982,0.6524,-16925,-3778
1983,0.6524,2702,-8642
1984,0.6523,390,-33840
1985,0.6523,-2865,-1740
1986,0.6522,-4561,-25404
1987,0.6521,-1687,-2838
1988,0.6521,-2839,-2031
1989,0.6521,-10638,-2046
1990,0.652,-17786,-12545
1991,0.6519,6878,-15959
1992,0.6516,-7819,-21109
1993,0.6514,-13938,-9836
1994,0.6511,10485,9439
1995,0.651,-5038,-15909
1996,0.6509,1835,-18032
1997,0.6508,-11837,-8207
1998,0.6507,3616,1286
1999,0.6506,6736,-4101
2000,0.6504,-15208,-30104
2001,0.6503,3616,1286
2002,0.6501,-2411,-2408
2003,0.65,6025,-5846
2004,0.65,-4363,-5994
2005,0.65,8970,-12697
2006,0.6498,-2895,-23925
2007,0.6493,17896,-18917
2008,0.6491,5135,-34418
2009,0.6491,-13359,-3743
2010,0.6485,-3605,-3264
2011,0.6484,-11702,194
2012,0.6482,-11263,-23457
2013,0.6482,-611,-15143
2014,0.648,16183,-7216
2015,0.6477,8549,-7611
2016,0.6477,1542,-2730
2017,0.6477,-11156,-326
2018,0.6476,-6353,-5691
2019,0.6476,6684,-39125
2020,0.6475,9486,-13928
2021,0.6467,-339,-18885
2022,0.6465,7115,-18212
2023,0.6464,3616,1286
2024,0.6461,12280,-10131
2025,0.6459,10286,-38664
2026,0.6458,5472,-19229
2027,0.6456,7890,-6675
2028,0.6449,-9228,-7777
2029,0.6449,7281,-16691
2030,0.6449,23647,-12085
2031,0.6447,-7662,-21156
2032,0.6445,9567,-6034
2033,0.6438,13968,3711
2034,0.6436,13015,-29338
2035,0.6436,-8005,-12848
2036,0.6432,3195,-11788
2037,0.6431,14673,-4412
2038,0.643,-16015,-9320
2039,0.643,5728,-15497
2040,0.6428,-3225,19114
2041,0.6428,80,-5625
2042,0.6425,7661,-18032
2043,0.6425,404,-23532
2044,0.6423,-5974,-13379
2045,0.6422,-9750,-13351
2046,0.6421,4718,-11114
2047,0.6421,3956,-14745
2048,0.642,-613,-31695
2049,0.6419,2569,11888
2050,0.6418,-714,-5949
2051,0.6417,9040,-5720
2052,0.6414,17657,10647
2053,0.6413,12419,5391
2054,0.6412,-19526,-16849
2055,0.6408,-23663,6189
2056,0.6405,-9065,-2640
2057,0.6405,-2231,-5384
2058,0.6403,-5733,-23949
2059,0.6401,-11806,-150
2060,0.6395,8542,-12826
2061,0.6393,16583,-19594
2062,0.6387,-5912,18723
2063,0.6384,5487,-10079
2064,0.6382,-10399,-21144
2065,0.638,15770,-4511
2066,0.638,22077,849
2067,0.6374,7613,-7086
2068,0.6374,-4773,-12178
2069,0.6371,-16515,-31914
2070,0.6371,-761,-18849
2071,0.637,8313,-9938
2072,0.637,3469,-7249
2073,0.6366,-9822,-1417
2074,0.6365,-2296,-28151
2075,0.6364,-2757,-2160
2076,0.6363,3247,-38961
2077,0.6359,7223,-8218
2078,0.6356,7359,-14313
2079,0.6355,19465,4762
2080,0.6355,-425,-19573
2081,0.6354,-4963,-445
2082,0.6347,8066,-11678
2083,0.6344,-6698,-19958
2084,0.6344,404,-23532
2085,0.6343,4286,-6103
2086,0.6341,15505,4589
2087,0.6339,15969,5161
2088,0.6337,-2288,-24614
2089,0.6336,-1642,-27146
2090,0.6333,-14591,-6038
2091,0.6333,-18358,-13445
2092,0.6332,11188,-26743
2093,0.6331,8012,-15239
2094,0.6331,1732,5413
2095,0.633,-4981,-39683
2096,0.633,-24617,-5848
2097,0.6327,-12439,-344
2098,0.6326,11239,-696
2099,0.6325,15127,-30984
2100,0.6325,3946,-11496
2101,0.6325,-4281,-19141
2102,0.6324,5025,665
2103,0.6321,6409,-10837
2104,0.6321,-338,-17751
2105,0.6319,1975,-24765
2106,0.6319,6333,-8980
2107,0.6317,8401,-12745
2108,0.6315,11789,-5333
2109,0.6315,-498,-17689
2110,0.6315,7992,-15631
2111,0.6312,12266,-13011
2112,0.6311,12168,5167
2113,0.6308,3470,-7251
2114,0.6302,-10964,-32545
2115,0.6302,9695,-13334
2116,0.6301,-2702,1771
2117,0.63,-1816,-1143
2118,0.6297,-2452,-3008
2119,0.6296,7530,-12518
2120,0.6292,2702,-8642
2121,0.6292,-10958,-945
2122,0.6292,4835,-6563
2123,0.6292,5125,-34874
2124,0.6291,-2863,-7583
2125,0.6289,9448,-12478
2126,0.6288,-2865,-1740
2127,0.6284,8381,-11265
2128,0.6282,-15230,-10324
2129,0.6279,9283,-13602
2130,0.6278,-1975,-12426
2131,0.6278,15491,-4053
2132,0.6273,-11350,-1149
2133,0.6273,-24924,-6731
2134,0.6272,-4138,-6009
2135,0.6271,18473,-33472
2136,0.6266,4286,-6103
2137,0.6266,-2284,-28079
2138,0.6253,-7266,-12464
2139,0.6251,1168,-835
2140,0.6248,404,-23532
2141,0.6248,7369,-8543
2142,0.6247,4816,-19935
2143,0.6242,-15827,3087
2144,0.624,-16093,-6100
2145,0.6239,-11891,-14000
2146,0.6238,7675,-17143
2147,0.6235,-10459,9896
2148,0.6233,9836,8567
2149,0.6228,-2264,-10206
2150,0.6224,11806,-11747
2151,0.6223,-1635,-35381
2152,0.6218,6491,-5893
2153,0.6217,-2865,-1740
2154,0.6215,14407,14166
2155,0.6212,-10373,19393
2156,0.6211,-212,-22995
2157,0.6211,-5431,-20746
2158,0.6204,-9537,-2632
2159,0.6203,-7605,-13893
2160,0.6202,-6438,-5724
2161,0.6196,23021,-11739
2162,0.6193,-23590,-6032
2163,0.6192,-2734,-12719
2164,0.6192,-16345,-30779
2165,0.6191,-20068,-6451
2166,0.619,6306,-3639
2167,0.6189,10200,8686
2168,0.6185,10772,-17282
2169,0.6182,16583,-19594
2170,0.6177,10315,2329
2171,0.6172,-231,-13571
2172,0.6169,-5010,17819
2173,0.6162,1039,-5746
2174,0.6161,9820,9345
2175,0.616,7389,-4499
2176,0.6159,-2335,-35126
2177,0.6158,-15430,-12471
2178,0.6156,-1269,-13384
2179,0.6156,-8314,-17426
2180,0.6148,-1026,-24630
2181,0.6141,-11817,-8118
2182,0.6135,-8324,-3148
2183,0.6135,19078,-5854
2184,0.6134,-16241,-2414
2185,0.6132,-16345,-30779
2186,0.6131,14310,2023
2187,0.6128,18216,-32870
2188,0.6127,5542,-4493
2189,0.6124,-1866,-13734
2190,0.6124,-16836,4946
2191,0.6124,-302,-17721
2192,0.6122,16151,5998
2193,0.6118,8564,-9353
2194,0.6116,8605,-13206
2195,0.6116,10891,1237
2196,0.6113,2769,-37437
2197,0.611,-8965,-17100
2198,0.611,17750,5472
2199,0.611,11188,-26743
2200,0.6108,-10635,-2052
2201,0.6106,4469,-12240
2202,0.6105,-15138,-4337
2203,0.6103,-3735,-7886
2204,0.6099,17080,-1162
2205,0.6095,18604,3150
2206,0.6093,16500,6133
2207,0.6092,9448,-12478
2208,0.6092,-4148,-26265
2209,0.609,-8204,-28903
2210,0.6087,6979,-26007
2211,0.6086,-758,-3812
2212,0.6082,8546,-12802
2213,0.6081,404,-23532
2214,0.608,-14983,-3180
2215,0.6077,-8354,-18308
2216,0.6076,7634,-18016
2217,0.6072,-625,-1638
2218,0.6071,14047,6130
2219,0.607,-302,-17721
2220,0.607,3279,-5681
2221,0.607,-12196,-7021
2222,0.6069,7504,-28777
2223,0.6068,6758,-4024
2224,0.6066,8675,-1922
2225,0.6064,-18679,-2892
2226,0.6064,12948,-3858
2227,0.6057,548,-21815
2228,0.6051,4735,-2429
2229,0.6051,-2865,-1740
2230,0.6051,7992,-15631
2231,0.6049,-1792,-7640
2232,0.6048,-18711,-10451
2233,0.6048,4738,-4195
2234,0.6046,-20448,-15978
2235,0.6046,15926,-10424
2236,0.6046,20781,-6262
2237,0.6045,2275,-7351
2238,0.6036,2990,-7951
2239,0.6035,-930,-6368
2240,0.6033,14013,353
2241,0.6029,-11734,-74
2242,0.6024,-10635,-2052
2243,0.6021,14148,3823
2244,0.6014,4134,2454
2245,0.6013,10260,2379
2246,0.6013,12337,-25912
2247,0.601,-9537,-2632
2248,0.601,-4830,-22917
2249,0.6004,6895,-17467
2250,0.6001,6446,-10361
2251,0.5999,-499,11937
2252,0.5999,18906,-33761
2253,0.5996,-8615,-1190
2254,0.5995,-371,-8090
2255,0.5995,16449,4257
2256,0.5995,-4569,-24137
2257,0.5994,-17013,4284
2258,0.5992,13014,-14420
2259,0.5992,18482,-33483
2260,0.5991,-19929,-30052
2261,0.5991,-2023,-1903
2262,0.5989,-20192,-5507
2263,0.5988,-8089,-21413
2264,0.5988,-1743,-20812
2265,0.5987,-13476,-10676
2266,0.5984,18477,-33481
2267,0.5984,-8689,11421
2268,0.5984,14073,11579
2269,0.5977,16255,-28690
2270,0.5977,3556,-11980
2271,0.5977,3128,-13704
2272,0.5976,18233,-2441
2273,0.5976,4112,2473
2274,0.5975,-19676,-29830
2275,0.5973,-11719,959
2276,0.5969,6428,-4544
2277,0.5966,-22451,-12325
2278,0.5966,22373,3477
2279,0.5963,8635,-13227
2280,0.5962,-13517,-9692
2281,0.5958,-709,-5921
2282,0.5958,-667,-5969
2283,0.5957,7107,-15772
2284,0.5956,-3210,-19103
2285,0.5956,11931,-24522
2286,0.5955,-15827,-12236
2287,0.5953,-8615,-1190
2288,0.5951,-12049,-816
2289,0.5947,-5857,-24014
2290,0.5939,-7662,-21156
2291,0.5933,17657,10647
2292,0.5931,1279,-2765
2293,0.5929,1279,-2765
2294,0.5929,-3823,-11403
2295,0.5928,9695,-13334
2296,0.5926,-424,-14528
2297,0.5924,9073,-6959
2298,0.5919,-12599,-539
2299,0.5919,3165,-468
2300,0.5915,402,-20783
2301,0.5914,-2865,-1740
2302,0.5913,-18060,-15841
2303,0.5911,9449,-1803
2304,0.591,-15205,-174
2305,0.5908,13750,4735
2306,0.5906,11446,-14216
2307,0.5904,-8486,-12570
2308,0.5901,6939,-9834
2309,0.5901,4228,-9007
2310,0.59,-8238,-17360
2311,0.5898,1884,-2235
2312,0.5898,17122,-12702
2313,0.5895,-9963,-2531
2314,0.5895,-18672,-10647
2315,0.5894,-6528,15951
2316,0.5891,-14921,-15966
2317,0.5891,-5365,-16098
2318,0.589,241,13561
2319,0.5889,8060,-6808
2320,0.5889,9372,-26827
2321,0.5887,-5492,-4720
2322,0.5886,-138,-18280
2323,0.5886,14196,-7786
2324,0.5884,-8898,-26018
2325,0.5883,-2073,-6957
2326,0.5882,-4602,-30388
2327,0.5881,4142,2448
2328,0.5879,14754,-10829
2329,0.5879,-9318,-13191
2330,0.5877,-8126,-21741
2331,0.5877,-15580,3454
2332,0.5872,7441,-16608
2333,0.5872,10395,-28429
2334,0.5871,5332,-9279
2335,0.5867,-24765,5548
2336,0.5863,-1916,-20615
2337,0.5862,-11419,924
2338,0.5862,7309,-6719
2339,0.5861,404,-23532
2340,0.586,4998,-1855
2341,0.5859,3367,-12306
2342,0.5858,2267,-18605
2343,0.5858,-8744,-12709
2344,0.5857,5258,-10307
2345,0.5853,-21583,-18503
2346,0.5853,12375,7227
2347,0.585,6361,-9697
2348,0.5848,14962,-28486
2349,0.5843,-11734,-74
2350,0.5842,-2718,-11167
2351,0.584,6136,-9097
2352,0.5838,-11012,-1651
2353,0.5838,-847,-3506
2354,0.5836,2505,12800
2355,0.5831,7495,-2271
2356,0.583,22541,-11378
2357,0.5829,-16730,4733
2358,0.5827,15998,8593
2359,0.5825,7281,-16691
2360,0.5821,-1738,-27487
2361,0.5816,1975,-24148
2362,0.5816,2096,-15482
2363,0.5814,-11891,-14000
2364,0.5811,12287,2129
2365,0.581,20209,-31535
2366,0.5806,-1559,14354
2367,0.5803,-8112,-16073
2368,0.5801,-16093,-6100
2369,0.58,9005,-977
2370,0.5799,6619,-17634
2371,0.5799,-984,10183
2372,0.5799,6003,1295
2373,0.5799,19465,4762
2374,0.5796,-5858,-17994
2375,0.5796,-13833,-1484
2376,0.5792,4274,-24579
2377,0.579,17190,-8559
2378,0.579,14962,-28486
2379,0.5789,5801,1872
2380,0.5784,-13778,749
2381,0.5783,-3225,19114
2382,0.5783,9176,-13721
2383,0.5781,-8539,10472
2384,0.578,-15827,3087
2385,0.578,8404,-12752
2386,0.5777,3875,-5557
2387,0.5774,0,889
2388,0.5768,-1680,-27728
2389,0.5768,435,9361
2390,0.5766,-16810,6438
2391,0.5765,-151,-16767
2392,0.5761,19070,-27493
2393,0.5761,-2031,-20002
2394,0.5759,-12449,-8358
2395,0.5758,6910,-16092
2396,0.5758,13525,-7125
2397,0.5757,628,-38347
2398,0.5756,9942,9288
2399,0.5755,-848,-9838
2400,0.5754,18478,-33464
2401,0.575,14089,8985
2402,0.5748,-12192,-7066
2403,0.5746,-762,-18844
2404,0.5745,18616,-8766
2405,0.5743,6314,-3432
2406,0.574,-369,-18604
2407,0.5738,708,-20575
2408,0.5737,-8615,-1190
2409,0.5736,-17706,-7084
2410,0.573,-8408,12411
2411,0.573,-723,-20993
2412,0.5729,5445,-15186
2413,0.5729,-6448,-5713
2414,0.5727,-14463,-1256
2415,0.5727,-7377,-24977
2416,0.5724,-10810,-20264
2417,0.5723,18842,-33419
2418,0.5716,446,-19089
2419,0.5715,-18291,-13382
2420,0.5712,18340,-38136
2421,0.5711,-9092,-16266
2422,0.571,14047,6130
2423,0.571,516,-549
2424,0.5709,5332,-18306
2425,0.5707,7523,-14217
2426,0.5705,7964,-9880
2427,0.5703,24055,-11958
2428,0.57,-17025,3635
2429,0.5699,8431,-15272
2430,0.5697,-2160,-2179
2431,0.5695,8792,1173
2432,0.5694,4149,-4890
2433,0.5694,404,-23532
2434,0.5693,12388,2427
2435,0.5692,15877,-9422
2436,0.5688,-1562,-30876
2437,0.5687,10435,127
2438,0.5686,704,16434
2439,0.5685,6124,-4095
2440,0.5685,-12599,-539
2441,0.5683,4032,-21265
2442,0.5682,-6356,-16624
2443,0.568,15642,-12885
2444,0.5679,-3229,-4629
2445,0.5679,1870,-14914
2446,0.5679,-567,-11164
2447,0.5678,-4963,-445
2448,0.5677,24420,-10369
2449,0.5677,7866,-15915
2450,0.5675,-293,-21191
2451,0.5673,-17161,12854
2452,0.5672,-12775,-27026
2453,0.5666,17072,6136
2454,0.5662,2783,-1167
2455,0.5662,6355,-16739
2456,0.5659,8427,-15268
2457,0.5656,-7879,7602
2458,0.5656,11692,-13474
2459,0.5652,9825,8645
2460,0.5645,227,-18778
2461,0.5642,-2157,-2023
2462,0.5641,23582,-12177
2463,0.5639,-7764,-10365
2464,0.5637,4306,-10516
2465,0.5636,-16738,3755
2466,0.5636,-6204,-2761
2467,0.5634,1139,-13713
2468,0.5634,19491,-15996
2469,0.5633,7249,-7280
2470,0.5633,7487,-29042
2471,0.5633,-2220,-11425
2472,0.5629,20274,-14525
2473,0.5629,-1549,-9200
2474,0.5628,16567,-14968
2475,0.5626,22194,-36897
2476,0.5623,7483,12331
2477,0.5623,-9048,-2575
2478,0.5622,-3025,-24844
2479,0.5618,2264,-23999
2480,0.5616,14114,4291
2481,0.5615,-23609,-5013
2482,0.5615,6349,-5138
2483,0.5615,-6426,-16456
2484,0.5614,-7817,-21355
2485,0.5612,11256,-5932
2486,0.5611,1929,-7030
2487,0.5611,-13012,-7667
2488,0.561,5361,-21753
2489,0.5608,7359,-14313
2490,0.5608,19491,-15996
2491,0.5608,-12599,-539
2492,0.5598,7944,-12580
2493,0.5597,5125,-3725
2494,0.5594,11820,-7415
2495,0.5593,-18905,-1812
2496,0.5593,3469,-7249
2497,0.559,7517,-14740
2498,0.5588,-17799,-14284
2499,0.5586,-24276,-7205
2500,0.5585,-18346,-13462
2501,0.5584,-809,-18830
2502,0.5584,-8361,-16329
2503,0.5584,8173,-5413
2504,0.5584,4308,-4689
2505,0.5583,-10380,626
2506,0.5578,-52,-18977
2507,0.5575,14268,9316
2508,0.5574,3640,-5496
2509,0.5574,-10713,362
2510,0.5572,5130,-25418
2511,0.5569,-21092,-16717
2512,0.5563,4998,-1855
2513,0.5562,6653,-16802
2514,0.5557,3616,1286
2515,0.5555,9725,-10775
2516,0.5552,-17383,-10742
2517,0.5549,15652,-13083
2518,0.5544,8772,-18640
2519,0.5542,-4607,-10724
2520,0.5542,13797,-10251
2521,0.554,-12184,-31383
2522,0.5537,1732,5413
2523,0.5524,15818,5615
2524,0.5524,15085,3172
2525,0.5517,8175,-7025
2526,0.5515,3010,-7377
2527,0.5514,5788,-8997
2528,0.5513,16583,-19594
2529,0.5512,555,-20320
2530,0.5507,-8829,-2144
2531,0.5505,14760,-23040
2532,0.5503,-10635,-2052
2533,0.5501,16965,-18889
2534,0.5501,5822,930
2535,0.5495,-3447,-7817
2536,0.5495,5333,-18227
2537,0.5494,8485,-17583
2538,0.5493,2443,6004
2539,0.5493,15127,-30984
2540,0.5492,1804,-10667
2541,0.5488,-3456,-8107
2542,0.5482,-15868,-13845
2543,0.5479,9690,-13341
2544,0.5477,9271,-9310
2545,0.5476,22828,-12828
2546,0.5475,13870,6191
2547,0.5472,-20966,-11118
2548,0.547,19491,-15996
2549,0.547,13478,5938
2550,0.5469,14185,5916
2551,0.5469,-20385,-17476
2552,0.5468,-13978,-29183
2553,0.5465,-13707,510
2554,0.5464,3206,-11777
2555,0.5462,-12042,-816
2556,0.5461,-2716,-2160
2557,0.546,-17258,802
2558,0.5459,4816,-19935
2559,0.5458,-2102,-1113
2560,0.5454,9718,-23641
2561,0.5453,14726,-4377
2562,0.5453,6469,-17961
2563,0.5453,19802,5629
2564,0.5452,8410,-12757
2565,0.545,8386,-13878
2566,0.5447,404,-23532
2567,0.5444,11268,-16049
2568,0.5442,6261,-9088
2569,0.5442,10260,2379
2570,0.5441,-13517,-9692
2571,0.544,220,13569
2572,0.5437,-6891,-18121
2573,0.5436,7531,-12518
2574,0.5434,-11744,-31837
2575,0.5434,-21429,13922
2576,0.5433,5542,-4493
2577,0.5427,9922,9297
2578,0.5416,7265,-14309
2579,0.5413,7216,-28686
2580,0.5413,8597,-184
2581,0.5411,3494,-14285
2582,0.5409,18478,-33483
2583,0.5408,11172,3385
2584,0.5408,7272,-13683
2585,0.5407,-15397,-5949
2586,0.5404,14470,5286
2587,0.5399,14962,-28486
2588,0.5398,9600,2021
2589,0.5395,8060,-6808
2590,0.5395,-15658,-3567
2591,0.5392,-12973,-7252
2592,0.5386,-10972,-27962
2593,0.5385,10739,3451
2594,0.5384,4998,-1855
2595,0.538,-4980,-4583
2596,0.5378,-3726,5820
2597,0.5376,6468,-9043
2598,0.5372,-3078,-4954
2599,0.5368,-11468,-260
2600,0.5364,6261,-9088
2601,0.5363,2098,19813
2602,0.5361,-8112,-16073
2603,0.5359,24256,-9706
2604,0.5359,1712,-17509
2605,0.5358,19811,10985
2606,0.5357,-1407,-6481
2607,0.535,5821,-5049
2608,0.535,-14561,-9530
2609,0.5349,14977,-31320
2610,0.5348,3915,-7477
2611,0.5348,-849,-3502
2612,0.5346,-3219,2377
2613,0.5346,7529,-7145
2614,0.5345,-11836,-1125
2615,0.5344,9613,-2672
2616,0.5342,-2716,-2160
2617,0.534,-15952,-5465
2618,0.5332,5189,-12476
2619,0.533,4829,-19850
2620,0.5329,15138,7775
2621,0.5326,-14199,-8101
2622,0.5325,-2036,-14077
2623,0.5321,6941,-9846
2624,0.5321,18934,-33707
2625,0.5319,-2206,-9465
2626,0.5319,19465,4762
2627,0.5318,639,-19706
2628,0.5316,5615,-5175
2629,0.5316,-12773,-27094
2630,0.5316,4232,-1842
2631,0.5313,5125,-34874
2632,0.5312,-11492,-7514
2633,0.5308,-19485,-31814
2634,0.5307,13002,3581
2635,0.5303,-24710,-7506
2636,0.5301,-10635,-2052
2637,0.5298,-2314,-21224
2638,0.5297,-9162,-2679
2639,0.5295,-4496,-4785
2640,0.5294,13671,-7620
2641,0.5293,19486,4684
2642,0.5292,-6841,-19974
2643,0.5291,-4841,-5389
2644,0.5291,1350,-17899
2645,0.5287,288,4407
2646,0.5285,8412,-11275
2647,0.5284,-3431,12851
2648,0.5279,17413,11475
2649,0.5278,-5979,-4957
2650,0.5277,-17919,2079
2651,0.5275,-8494,-12573
2652,0.5273,19109,-25288
2653,0.5273,-16932,-11645
2654,0.5273,-16631,-6779
2655,0.5266,8398,-12753
2656,0.5264,6327,-3538
2657,0.5264,-1296,-2468
2658,0.5264,8019,-13391
2659,0.5264,-4843,-5273
2660,0.5261,-8893,7363
2661,0.526,5641,-15128
2662,0.5257,6597,-9204
2663,0.5257,3321,12283
2664,0.5256,-6368,-18500
2665,0.5256,-2103,-10991
2666,0.5256,-16313,-2929
2667,0.5256,-10638,-2046
2668,0.5255,-8112,-16073
2669,0.5255,-805,-22868
2670,0.5255,-17331,-5383
2671,0.5251,2702,-8642
2672,0.525,10488,-225
2673,0.5249,-5385,-15371
2674,0.5248,5323,-1502
2675,0.5248,-1606,-1236
2676,0.5247,14823,2765
2677,0.5246,10229,-13585
2678,0.5245,2702,-8642
2679,0.5244,10502,1201
2680,0.5244,680,-20563
2681,0.5242,8597,-184
2682,0.5238,12590,12748
2683,0.5236,6574,-8664
2684,0.5235,-9537,-2632
2685,0.5235,-17148,-5766
2686,0.5223,-14706,-13572
2687,0.5218,10258,-20566
2688,0.5214,-11616,-7589
2689,0.5212,4475,-10912
2690,0.5212,-17666,-5519
2691,0.5211,-13990,-1149
2692,0.5211,-710,-10198
2693,0.5205,4797,-2216
2694,0.5205,-11993,14434
2695,0.5204,724,-10023
2696,0.5202,-5724,-5100
2697,0.5201,-17607,-12933
2698,0.5201,7992,-15631
2699,0.5201,5820,-18581
2700,0.5199,17519,4331
2701,0.5192,-2735,-5485
2702,0.519,-7901,-15621
2703,0.5188,7281,-16691
2704,0.5187,4057,-12104
2705,0.5187,10160,-8681
2706,0.5185,13850,-15010
2707,0.5184,-11012,-1651
2708,0.5182,-15910,-3057
2709,0.518,726,-10021
2710,0.5176,-4849,-4904
2711,0.5176,-3726,5820
2712,0.5173,-6544,-15241
2713,0.5171,18935,-14575
2714,0.5169,5393,2140
2715,0.5166,-1288,-24301
2716,0.5165,17779,-14848
2717,0.5164,-4765,-21056
2718,0.5163,-13012,-7667
2719,0.5161,10835,759
2720,0.5161,15535,3454
2721,0.5161,7272,-13683
2722,0.516,17556,-14173
2723,0.516,8075,-13063
2724,0.5151,-7008,-12357
2725,0.515,5939,-3766
2726,0.5146,7127,-18211
2727,0.5142,-3255,-5864
2728,0.5141,606,-2176
2729,0.5141,8503,-2129
2730,0.514,-4339,-4894
2731,0.5134,-3431,-5231
2732,0.5132,14338,-7625
2733,0.513,2702,-8642
2734,0.5129,-5949,-25709
2735,0.5126,12280,-10131
2736,0.5114,-12564,-1858
2737,0.5113,-12444,-8645
2738,0.5111,-8742,11390
2739,0.5109,6814,-9428
2740,0.5105,-12189,-7652
2741,0.5102,10437,-11804
2742,0.5101,-6742,19423
2743,0.5098,-241,-6133
2744,0.5098,-5487,17408
2745,0.5098,8153,-17135
2746,0.5097,14449,-17892
2747,0.509,-16093,-6100
2748,0.5088,4604,1148
2749,0.5083,-4583,-25496
2750,0.5075,11235,7339
2751,0.5075,14962,-28486
2752,0.5074,-1244,-18653
2753,0.5073,11254,-30366
2754,0.5072,6273,-3234
2755,0.5068,4718,-11114
2756,0.5065,8666,-12820
2757,0.5062,752,-17775
2758,0.5061,-11355,15221
2759,0.5061,-15456,-30685
2760,0.5061,18483,-33483
2761,0.5061,-1028,-23941
2762,0.506,1504,-14890
2763,0.506,-315,-17872
2764,0.5058,-22586,4803
2765,0.5058,4604,1148
2766,0.5057,-2464,-2336
2767,0.5057,-6190,-24344
2768,0.5057,-5979,-4957
2769,0.5055,11007,-8461
2770,0.5051,8560,-12818
2771,0.505,-10625,-9505
2772,0.5049,14493,8410
2773,0.5048,5604,-3132
2774,0.5047,-8513,-12515
2775,0.5045,17453,-13184
2776,0.5043,-12444,-27039
2777,0.5041,14847,-10747
2778,0.504,10260,2379
2779,0.5033,-12599,-539
2780,0.5032,14255,-7578
2781,0.5032,6161,-2708
2782,0.5029,7670,-8041
2783,0.5025,-16129,-7293
2784,0.5024,6271,-3233
2785,0.5021,11710,1230
2786,0.5017,3041,-7271
2787,0.5015,8368,-15478
2788,0.5012,933,-14318
2789,0.5012,-9356,-1069
2790,0.5009,-17979,2068
2791,0.5007,-3042,-23869
2792,0.5003,-21325,-10595
2793,0.5003,-8667,-17914
2794,0.5002,7404,-3491
